{
  "Version": "1.3",
  "ModID": "shared_general_modules_kurila",
  "DeprecateIds": [],
  "LoadAfterIds": [
    "*"
  ],
  "IncompatibleIds": null,
  "ModDependencies": null,
  "Category": {
    "English": "Shared",
    "Chinese": "Shared",
    "French": "Shared",
    "German": "Shared",
    "Italian": "Shared",
    "Japanese": "Shared",
    "Korean": "Shared",
    "Polish": "Shared",
    "Russian": "Shared",
    "Spanish": "Shared",
    "Taiwanese": "Shared"
  },
  "ModName": {
    "Chinese": "General Modules (Kurila)",
    "English": "General Modules (Kurila)",
    "French": "General Modules (Kurila)",
    "German": "General Modules (Kurila)",
    "Italian": "General Modules (Kurila)",
    "Japanese": "General Modules (Kurila)",
    "Korean": "General Modules (Kurila)",
    "Polish": "General Modules (Kurila)",
    "Russian": "General Modules (Kurila)",
    "Spanish": "General Modules (Kurila)",
    "Taiwanese": "General Modules (Kurila)"
  },
  "Description": {
    "English": "file::README.md",
    "German": "file::README.md",
    "Chinese": "file::README.md",
    "French": "file::README.md",
    "Italian": "file::README.md",
    "Japanese": "file::README.md",
    "Korean": "file::README.md",
    "Polish": "file::README.md",
    "Russian": "file::README.md",
    "Spanish": "file::README.md",
    "Taiwanese": "file::README.md"
  },
  "CreatorName": "Kurila",
  "CreatorContact": "https://discord.gg/YTQGDFK"
}