{
  "Version": "1.1.10",
  "ModID": "shared-products-jakob",
  "Category": {
    "English": "Shared",
    "Chinese": "Shared",
    "French": "Shared",
    "German": "Shared",
    "Italian": "Shared",
    "Japanese": "Shared",
    "Korean": "Shared",
    "Polish": "Shared",
    "Russian": "Shared",
    "Spanish": "Shared",
    "Taiwanese": "Shared"
  },
  "ModName": {
    "English": "Products (Jakob)",
    "Chinese": "Products (Jakob)",
    "French": "Products (Jakob)",
    "German": "Products (Jakob)",
    "Italian": "Products (Jakob)",
    "Japanese": "Products (Jakob)",
    "Korean": "Products (Jakob)",
    "Polish": "Products (Jakob)",
    "Russian": "Products (Jakob)",
    "Spanish": "Products (Jakob)",
    "Taiwanese": "Products (Jakob)"
  },
  "CreatorName": "Jakob",
  "CreatorContact": "https://github.com/jakobharder/anno-1800-jakobs-mods",
  "Description": {
    "English": "# Shared Products\n\nPlease only add products that are of the same quality as the vanilla game, useful to many and really shared between mods.\n\nAlternatively, if you have different requirements for your products you can use this mod as a template and create another shared products mod.\n",
    "Chinese": null,
    "French": null,
    "German": null,
    "Italian": null,
    "Japanese": null,
    "Korean": null,
    "Polish": null,
    "Russian": null,
    "Spanish": null,
    "Taiwanese": null
  }
}