<ModOps>
  <ModOp Type="add" Path="/TextExport/Texts">
    <Text>
      <GUID>1500300000</GUID>
      <Text>Fûts</Text>
    </Text>
    <Text>
      <GUID>1404422300</GUID>
      <Text>Bovins</Text>
    </Text>
    <Text>
      <GUID>1404420030</GUID>
      <Text>Cerises</Text>
    </Text>
    <Text>
      <GUID>1500020000</GUID>
      <Text>Tissu de laine</Text>
    </Text>
    <Text>
      <GUID>1500020010</GUID>
      <Text>Fil à coudre</Text>
    </Text>
    <Text>
      <GUID>1500301150</GUID>
      <Text>Bois de Wanza</Text>
    </Text>
    <Text>
      <GUID>114356</GUID>
      <Text>Planches en Wanza</Text>
    </Text>
    <Text>
      <GUID>1500301151</GUID>
      <Text>Planches en cerisier</Text>
    </Text>
    <Text>
      <GUID>1500301148</GUID>
      <Text>Poudre d'épices</Text>
    </Text>
  </ModOp>
</ModOps>