<ModOps>
  <ModOp Type="add" Path="/TextExport/Texts">
    <Text>
      <GUID>1500300000</GUID>
      <Text>Botti</Text>
    </Text>
    <Text>
      <GUID>1404422300</GUID>
      <Text>Bovini</Text>
    </Text>
    <Text>
      <GUID>1404420030</GUID>
      <Text>Ciliegie</Text>
    </Text>
    <Text>
      <GUID>1500020000</GUID>
      <Text>Tessuto di lana</Text>
    </Text>
    <Text>
      <GUID>1500020010</GUID>
      <Text>Filo per cucire</Text>
    </Text>
    <Text>
      <GUID>1500301150</GUID>
      <Text>Legno wanza</Text>
    </Text>
    <Text>
      <GUID>1500301151</GUID>
      <Text>Legname di ciliegio</Text>
    </Text>
    <Text>
      <GUID>1500301148</GUID>
      <Text>Polvere di spezie</Text>
    </Text>
  </ModOp>
</ModOps>