<ModOps>
  <ModOp Type="add" Path="/TextExport/Texts">
    <Text>
      <GUID>1500300000</GUID>
      <Text>Barriles</Text>
    </Text>
    <Text>
      <GUID>1404422300</GUID>
      <Text>Ganado</Text>
    </Text>
    <Text>
      <GUID>1404420030</GUID>
      <Text>Cerezas</Text>
    </Text>
    <Text>
      <GUID>1500020000</GUID>
      <Text>Tejido de lana</Text>
    </Text>
    <Text>
      <GUID>1500020010</GUID>
      <Text>Hilo de coser</Text>
    </Text>
    <Text>
      <GUID>1500301150</GUID>
      <Text>Madera de wanza</Text>
    </Text>
    <Text>
      <GUID>114356</GUID>
      <Text>Tablones de wanza</Text>
    </Text>
    <Text>
      <GUID>1500301151</GUID>
      <Text>Tablones de cerezo</Text>
    </Text>
    <Text>
      <GUID>1500301148</GUID>
      <Text>Especias en polvo</Text>
    </Text>
  </ModOp>
</ModOps>