<ModOps>
  <!-- # Product: Sandwiches -->
  <ModOp Type="addNextSibling" GUID="1010213">
    <Asset>
      <Template>Product</Template>
      <Values>
        <Standard>
          <GUID>1500300060</GUID>
          <Name>Sandwiches</Name>
          <IconFilename>data/products\sandwiches\icon_sandwich.png</IconFilename>
          <InfoDescription>1500300061</InfoDescription>
        </Standard>
        <Locked />
        <Product>
          <StorageLevel>Building</StorageLevel>
          <ProductCategory>11704</ProductCategory>
          <BasePrice>225</BasePrice>
          <CivLevel>4</CivLevel>
          <AssociatedRegion>Moderate</AssociatedRegion>
          <ProductionRegions>
            <Item>
              <RegionType>Moderate</RegionType>
            </Item>
          </ProductionRegions>
        </Product>
        <ExpeditionAttribute>
          <BaseMorale>20</BaseMorale>
          <ExpeditionAttributes>
            <Item>
              <Attribute>Faith</Attribute>
              <Amount>20</Amount>
            </Item>
          </ExpeditionAttributes>
        </ExpeditionAttribute>
      </Values>
    </Asset>
  </ModOp>

  <!-- # Lists: After Bread -->
  <Group>
    <ModOp Type="addNextSibling" GUID="120055,120057"
      Condition="!~/Values/ProductStorageList/ProductList/Item[Product='1500300060']"
      Path="/Values/ProductStorageList/ProductList/Item[Product='1010213']">
      <Item>
        <Product>1500300060</Product>
      </Item>
    </ModOp>

    <ModOp Type="add" GUID="502006,502020,502066,501998"
      Condition="!~/Values/ProductList/List/Item[Product='1500300060']"
      Path="/Values/ProductList/List">
      <Item>
        <Product>1500300060</Product>
      </Item>
    </ModOp>
  </Group>

  <!-- # Expedition -->
  <ModOp Type="add" GUID="800111"
    Condition="!~/ExpeditionFeature/FeedOption/FeedOptions[Item/Product='1500300060']"
    Path="/Values/ExpeditionFeature/FeedOption/FeedOptions">
    <Item>
      <MoraleFactor>0.1</MoraleFactor>
      <Product>1500300060</Product>
    </Item>
  </ModOp>

  <!-- # Docklands: Feedl -->
  <Group Condition="!//TradeLevels/Item/Trades[Item/Good='1500300060']">
    <ModOp Type="addNextSibling" GUID="1010213"
      Condition="!//FactoryBase[FactoryOutputs/Item/Product='1500010130']/IsMainFactory[text()='1']">
      <Asset>
        <Template>FactoryBuilding7</Template>
        <Values>
          <Standard>
            <GUID>1500301139</GUID>
            <Name>IsMainFactory_Fake: Sandwiches</Name>
          </Standard>
          <Building>
            <AssociatedRegions>Moderate</AssociatedRegions>
            <SecondPartyRelevant>0</SecondPartyRelevant>
          </Building>
          <Object>
            <Variations>
              <Item>
                <Filename>data/graphics/buildings/production/workshop_07/workshop_07.cfg</Filename>
              </Item>
            </Variations>
          </Object>
          <Locked />
          <FactoryBase>
            <FactoryInputs>
              <Item>
                <Product>1010238</Product>
                <Amount>1</Amount>
                <StorageAmount>4</StorageAmount>
              </Item>
              <Item>
                <Product>1010213</Product>
                <Amount>1</Amount>
                <StorageAmount>4</StorageAmount>
              </Item>
            </FactoryInputs>
            <FactoryOutputs>
              <Item>
                <Product>1500300060</Product>
                <Amount>1</Amount>
                <StorageAmount>4</StorageAmount>
              </Item>
            </FactoryOutputs>
            <CycleTime>60</CycleTime>
            <IsMainFactory>1</IsMainFactory>
          </FactoryBase>
          <Maintenance>
            <Maintenances>
              <Item>
                <Product>1010115</Product>
                <Amount>100</Amount>
              </Item>
            </Maintenances>
          </Maintenance>
        </Values>
      </Asset>
    </ModOp>

    <ModOp Type="addNextSibling" GUID="131764" Path="/Values/TradeContractFeature/Traders/Item[TraderName='131809']/TradeLevels/Item/Trades/Item[Good='1010257']">
      <Item>
        <Level>Rare</Level>
        <Good>1500300060</Good>
      </Item>
    </ModOp>

    <ModOp Type="add" GUID="502234" Path="/Values/ProductList/List">
      <Item>
        <Product>1500300060</Product>
      </Item>
    </ModOp>
  </Group>
</ModOps>