<ModOps>
  <!-- # Product: Spice Powder -->
  <ModOp Type="addNextSibling" GUID="1010213">
    <Asset>
      <Template>Product</Template>
      <Values>
        <Standard>
          <GUID>1500301148</GUID>
          <Name>Spice Powder</Name>
          <IconFilename>data/products\spice-powder\icon_spice_powder.png</IconFilename>
        </Standard>
        <Locked />
        <Product>
          <StorageLevel>Building</StorageLevel>
          <ProductCategory>11703</ProductCategory>
          <BasePrice>73</BasePrice>
          <CivLevel>1</CivLevel>
          <AssociatedRegion>Africa</AssociatedRegion>
          <ProductionRegions>
            <Item>
              <RegionType>Africa</RegionType>
              <RequiredDLCs>
                <Item>
                  <RequiredDLC>410071</RequiredDLC>
                </Item>
              </RequiredDLCs>
            </Item>
          </ProductionRegions>
        </Product>
        <ExpeditionAttribute>
          <BaseMorale>10</BaseMorale>
        </ExpeditionAttribute>
      </Values>
    </Asset>
  </ModOp>

  <!-- # Lists: After Spiced Flour -->
  <Group>
    <ModOp Type="addNextSibling" GUID="120055"
      Condition="!~/Values/ProductStorageList/ProductList/Item[Product='1500301148']"
      Path="/Values/ProductStorageList/ProductList/Item[Product='114408']">
      <Item>
        <Product>1500301148</Product>
      </Item>
    </ModOp>

    <ModOp Type="addNextSibling" GUID="502070,502072,502077"
      Condition="!~/Values/ProductList/List/Item[Product='1500301148']"
      Path="/Values/ProductList/List/Item[Product='114408']">
      <Item>
        <Product>1500301148</Product>
      </Item>
    </ModOp>
  </Group>

  <!-- # Expedition -->
  <ModOp Type="add" GUID="800111"
    Condition="!~/ExpeditionFeature/FeedOption/FeedOptions[Item/Product='1500301148']"
    Path="/Values/ExpeditionFeature/FeedOption/FeedOptions">
    <Item>
      <MoraleFactor>0.1</MoraleFactor>
      <Product>1500301148</Product>
    </Item>
  </ModOp>

  <!-- # Docklands: Feedl -->
  <Group Condition="!//TradeLevels/Item/Trades[Item/Good='1500301148']">
    <ModOp Type="addNextSibling" GUID="1010213"
      Condition="!//FactoryBase[FactoryOutputs/Item/Product='1500010130']/IsMainFactory[text()='1']">
      <Asset>
        <Template>FactoryBuilding7</Template>
        <Values>
          <Standard>
            <GUID>1500301149</GUID>
            <Name>IsMainFactory_Fake: Spice Powder</Name>
          </Standard>
          <Building>
            <AssociatedRegions>Africa</AssociatedRegions>
            <SecondPartyRelevant>0</SecondPartyRelevant>
          </Building>
          <Object>
            <Variations>
              <Item>
                <Filename>data/dlc06/graphics/buildings/production/production_colony02_20/production_colony02_20.cfg</Filename>
              </Item>
            </Variations>
          </Object>
          <Locked />
          <FactoryBase>
            <FactoryInputs>
              <Item>
                <Product>114369</Product>
                <Amount>1</Amount>
                <StorageAmount>4</StorageAmount>
              </Item>
              <Item>
                <Product>114364</Product>
                <Amount>1</Amount>
                <StorageAmount>4</StorageAmount>
              </Item>
            </FactoryInputs>
            <FactoryOutputs>
              <Item>
                <Product>1500301148</Product>
                <Amount>1</Amount>
                <StorageAmount>4</StorageAmount>
              </Item>
            </FactoryOutputs>
            <CycleTime>30</CycleTime>
            <IsMainFactory>1</IsMainFactory>
          </FactoryBase>
          <Maintenance>
            <Maintenances>
              <Item>
                <Product>114341</Product>
                <Amount>30</Amount>
              </Item>
            </Maintenances>
          </Maintenance>
        </Values>
      </Asset>
    </ModOp>

    <ModOp Type="addPrevSibling" GUID="131764" Path="/Values/TradeContractFeature/Traders/Item[TraderName='131809']/TradeLevels/Item/Trades/Item[Good='114410']">
      <Item>
        <Level>Rare</Level>
        <Good>1500301148</Good>
      </Item>
    </ModOp>

    <ModOp Type="add" GUID="502234" Path="/Values/ProductList/List">
      <Item>
        <Product>1500301148</Product>
      </Item>
    </ModOp>
  </Group>
</ModOps>