{
  "Version": "1.5",
  "ModID": "shared_products_extended_kurila",
  "LoadAfterIds": [
    "[Gameplay] Orchard Rework",
    "Cattle Needs to be butchered"
  ],
  "Category": {
    "English": "Shared",
    "Chinese": "Shared",
    "French": "Shared",
    "German": "Shared",
    "Italian": "Shared",
    "Japanese": "Shared",
    "Korean": "Shared",
    "Polish": "Shared",
    "Russian": "Shared",
    "Spanish": "Shared",
    "Taiwanese": "Shared"
  },
  "ModName": {
    "English": "Products Extended (Kurila)",
    "Chinese": "Products Extended (Kurila)",
    "French": "Products Extended (Kurila)",
    "German": "Products Extended (Kurila)",
    "Italian": "Products Extended (Kurila)",
    "Japanese": "Products Extended (Kurila)",
    "Korean": "Products Extended (Kurila)",
    "Polish": "Products Extended (Kurila)",
    "Russian": "Products Extended (Kurila)",
    "Spanish": "Products Extended (Kurila)",
    "Taiwanese": "Products Extended (Kurila)"
  },
  "Description": {
    "English": "file::README.md",
    "German": "file::README.md",
    "Chinese": "file::README.md",
    "French": "file::README.md",
    "Italian": "file::README.md",
    "Japanese": "file::README.md",
    "Korean": "file::README.md",
    "Polish": "file::README.md",
    "Russian": "file::README.md",
    "Spanish": "file::README.md",
    "Taiwanese": "file::README.md"
  },
  "CreatorName": "Kurila",
  "CreatorContact": "https://discord.gg/YTQGDFK"
}