<ModOps>
  <!-- # Product: Smoked Fish -->
  <ModOp Type="addNextSibling" GUID="1010200">
    <Asset>
      <Template>Product</Template>
      <Values>
        <Standard>
          <GUID>1500300020</GUID>
          <Name>Smoked Fish</Name>
          <IconFilename>data/products\smoked-fish\icon_smoked_fish.png</IconFilename>
          <InfoDescription>1500300021</InfoDescription>
        </Standard>
        <Locked />
        <Product>
          <StorageLevel>Building</StorageLevel>
          <ProductCategory>11704</ProductCategory>
          <BasePrice>1060</BasePrice>
          <CivLevel>4</CivLevel>
          <AssociatedRegion>Moderate</AssociatedRegion>
          <ProductionRegions>
            <Item>
              <RegionType>Moderate</RegionType>
            </Item>
          </ProductionRegions>
        </Product>
        <ExpeditionAttribute>
          <BaseMorale>40</BaseMorale>
        </ExpeditionAttribute>
      </Values>
    </Asset>
  </ModOp>

  <!-- # Lists: After Light Bulbs -->
  <Group>
    <ModOp Type="addNextSibling" GUID="120055,120057"
      Condition="!~/Values/ProductStorageList/ProductList/Item[Product='1500300020']"
      Path="/Values/ProductStorageList/ProductList/Item[Product='1010208']">
      <Item>
        <Product>1500300020</Product>
      </Item>
    </ModOp>

    <ModOp Type="add" GUID="502005,502020,502066,501998"
      Condition="!~/Values/ProductList/List/Item[Product='1500300020']"
      Path="/Values/ProductList/List">
      <Item>
        <Product>1500300020</Product>
      </Item>
    </ModOp>
  </Group>

  <!-- # Expedition -->
  <ModOp Type="add" GUID="800111"
    Condition="!~/ExpeditionFeature/FeedOption/FeedOptions[Item/Product='1500300020']"
    Path="/Values/ExpeditionFeature/FeedOption/FeedOptions">
    <Item>
      <MoraleFactor>0.1</MoraleFactor>
      <Product>1500300020</Product>
    </Item>
  </ModOp>

  <!-- # Docklands: Feedl -->
  <Group Condition="!//TradeLevels/Item/Trades[Item/Good='1500300020']">
    <ModOp Type="addNextSibling" GUID="1010200"
      Condition="!//FactoryBase[FactoryOutputs/Item/Product='1500010130']/IsMainFactory[text()='1']">
      <Asset>
        <Template>FactoryBuilding7</Template>
        <Values>
          <Standard>
            <GUID>1500301140</GUID>
            <Name>IsMainFactory_Fake: Sandwich</Name>
          </Standard>
          <Building>
            <AssociatedRegions>Moderate</AssociatedRegions>
            <SecondPartyRelevant>0</SecondPartyRelevant>
          </Building>
          <Object>
            <Variations>
              <Item>
                <Filename>data/graphics/buildings/production/food_05/food_05.cfg</Filename>
              </Item>
            </Variations>
          </Object>
          <Locked />
          <FactoryBase>
            <FactoryInputs>
              <Item>
                <Product>1010200</Product>
                <Amount>2</Amount>
                <StorageAmount>8</StorageAmount>
              </Item>
              <Item>
                <Product>120008</Product>
                <Amount>1</Amount>
                <StorageAmount>5</StorageAmount>
              </Item>
            </FactoryInputs>
            <FactoryOutputs>
              <Item>
                <Product>1500300020</Product>
                <Amount>1</Amount>
                <StorageAmount>5</StorageAmount>
              </Item>
            </FactoryOutputs>
            <CycleTime>60</CycleTime>
            <IsMainFactory>1</IsMainFactory>
          </FactoryBase>
          <Maintenance>
            <Maintenances>
              <Item>
                <Product>1010115</Product>
                <Amount>120</Amount>
              </Item>
            </Maintenances>
          </Maintenance>
        </Values>
      </Asset>
    </ModOp>

    <ModOp Type="addNextSibling" GUID="131764" Path="/Values/TradeContractFeature/Traders/Item[TraderName='131809']/TradeLevels/Item/Trades/Item[Good='1010257']">
      <Item>
        <Level>Rare</Level>
        <Good>1500300020</Good>
      </Item>
    </ModOp>

    <ModOp Type="add" GUID="502234" Path="/Values/ProductList/List">
      <Item>
        <Product>1500300020</Product>
      </Item>
    </ModOp>
  </Group>
</ModOps>