<ModOps>
  <ModOp Type="add" Path="/TextExport/Texts">
    <Text>
      <GUID>1500010102</GUID>
      <Text>Сыр</Text>
    </Text>
    <Text>
      <GUID>1500010120</GUID>
      <Text>Сардины</Text>
    </Text>
    <Text>
      <GUID>1500010127</GUID>
      <Text>Фраки</Text>
    </Text>
    <Text>
      <GUID>1500010153</GUID>
      <Text>Инструменты</Text>
    </Text>
    <Text>
      <GUID>1500010836</GUID>
      <Text>Овощи</Text>
    </Text>
    <Text>
      <GUID>1500010847</GUID>
      <Text>Чай</Text>
    </Text>
    <Text>
      <GUID>1500010105</GUID>
      <Text>Оливки</Text>
    </Text>
  </ModOp>
</ModOps>