<ModOps>
  <ModOp Type="add" Path="/TextExport/Texts">
    <Text>
      <GUID>1440224</GUID>
      <Text>삼</Text>
    </Text>
    <Text>
      <GUID>1500010102</GUID>
      <Text>치즈</Text>
    </Text>
    <Text>
      <GUID>1500010120</GUID>
      <Text>생선 통조림</Text>
    </Text>
    <Text>
      <GUID>1500010127</GUID>
      <Text>정장</Text>
    </Text>
    <Text>
      <GUID>1500010153</GUID>
      <Text>도구</Text>
    </Text>
    <Text>
      <GUID>1500010836</GUID>
      <Text>채소</Text>
    </Text>
    <Text>
      <GUID>1500010847</GUID>
      <Text>차</Text>
    </Text>
    <Text>
      <GUID>1500010105</GUID>
      <Text>올리브</Text>
    </Text>
  </ModOp>
</ModOps>