<ModOps>
  <ModOp Type="add" Path="/TextExport/Texts">
    <Text>
      <GUID>1440224</GUID>
      <Text>Cáñamo</Text>
    </Text>
    <Text>
      <GUID>1500010102</GUID>
      <Text>Queso</Text>
    </Text>
    <Text>
      <GUID>1500010120</GUID>
      <Text>Sardinas</Text>
    </Text>
    <Text>
      <GUID>1500010127</GUID>
      <Text>Trajes</Text>
    </Text>
    <Text>
      <GUID>1500010153</GUID>
      <Text>Herramientas</Text>
    </Text>
    <Text>
      <GUID>1500010836</GUID>
      <Text>Verduras</Text>
    </Text>
    <Text>
      <GUID>1500010847</GUID>
      <Text>Té</Text>
    </Text>
    <Text>
      <GUID>1500010105</GUID>
      <Text>Aceitunas</Text>
    </Text>
  </ModOp>
</ModOps>