<ModOps>
  <ModOp Type="add" Path="/TextExport/Texts">
    <Text>
      <GUID>1440224</GUID>
      <Text>苎麻</Text>
    </Text>
    <Text>
      <GUID>1500010102</GUID>
      <Text>奶酪</Text>
    </Text>
    <Text>
      <GUID>1500010120</GUID>
      <Text>沙丁鱼</Text>
    </Text>
    <Text>
      <GUID>1500010127</GUID>
      <Text>西装</Text>
    </Text>
    <Text>
      <GUID>1500010153</GUID>
      <Text>工具</Text>
    </Text>
    <Text>
      <GUID>1500010836</GUID>
      <Text>蔬菜</Text>
    </Text>
    <Text>
      <GUID>1500010847</GUID>
      <Text>茶</Text>
    </Text>
    <Text>
      <GUID>1500010105</GUID>
      <Text>橄榄</Text>
    </Text>
  </ModOp>
</ModOps>