<ModOps>
  <ModOp Type="add" Path="/TextExport/Texts">
    <Text>
      <GUID>1440224</GUID>
      <Text>Konopie</Text>
    </Text>
    <Text>
      <GUID>1500010102</GUID>
      <Text>Ser</Text>
    </Text>
    <Text>
      <GUID>1500010120</GUID>
      <Text>Sardynki</Text>
    </Text>
    <Text>
      <GUID>1500010127</GUID>
      <Text>Garnitury</Text>
    </Text>
    <Text>
      <GUID>1500010153</GUID>
      <Text>Narzędzia</Text>
    </Text>
    <Text>
      <GUID>1500010836</GUID>
      <Text>Warzywa</Text>
    </Text>
    <Text>
      <GUID>1500010847</GUID>
      <Text>Herbata</Text>
    </Text>
    <Text>
      <GUID>1500010105</GUID>
      <Text>Olives</Text>
    </Text>
  </ModOp>
</ModOps>