<ModOps>
  <ModOp Type="add" Path="/TextExport/Texts">
    <Text>
      <GUID>1440224</GUID>
      <Text>麻</Text>
    </Text>
    <Text>
      <GUID>1500010102</GUID>
      <Text>乳酪</Text>
    </Text>
    <Text>
      <GUID>1500010120</GUID>
      <Text>沙丁魚</Text>
    </Text>
    <Text>
      <GUID>1500010127</GUID>
      <Text>西裝</Text>
    </Text>
    <Text>
      <GUID>1500010153</GUID>
      <Text>工具</Text>
    </Text>
    <Text>
      <GUID>1500010836</GUID>
      <Text>蔬菜</Text>
    </Text>
    <Text>
      <GUID>1500010847</GUID>
      <Text>茶</Text>
    </Text>
    <Text>
      <GUID>1500010105</GUID>
      <Text>橄欖</Text>
    </Text>
  </ModOp>
</ModOps>