<ModOps>
  <ModOp Type="add" Path="/TextExport/Texts">
    <Text>
      <GUID>1404420032</GUID>
      <Text>Jabłka</Text>
    </Text>
    <Text>
      <GUID>1500301073</GUID>
      <Text>Kolorowe płytki</Text>
    </Text>
    <Text>
      <GUID>1500300040</GUID>
      <Text>Likier</Text>
    </Text>
    <Text>
      <GUID>1500300060</GUID>
      <Text>Kanapki</Text>
    </Text>
    <Text>
      <GUID>1500300020</GUID>
      <Text>Ryba wędzona</Text>
    </Text>
    <Text>
      <GUID>1500010150</GUID>
      <Text>Biżuteria drewniana</Text>
    </Text>
  </ModOp>
</ModOps>