<ModOps>
  <ModOp Type="add" Path="/TextExport/Texts">
    <Text>
      <GUID>1404420032</GUID>
      <Text>苹果</Text>
    </Text>
    <Text>
      <GUID>1500301073</GUID>
      <Text>彩色的瓦片</Text>
    </Text>
    <Text>
      <GUID>1500300040</GUID>
      <Text>利口酒</Text>
    </Text>
    <Text>
      <GUID>1500300060</GUID>
      <Text>三明治</Text>
    </Text>
    <Text>
      <GUID>1500300020</GUID>
      <Text>熏鱼</Text>
    </Text>
    <Text>
      <GUID>1500010150</GUID>
      <Text>木制珠宝</Text>
    </Text>
  </ModOp>
</ModOps>