<ModOps>
  <ModOp Type="add" Path="/TextExport/Texts">
    <Text>
      <GUID>1404420032</GUID>
      <Text>사과</Text>
    </Text>
    <Text>
      <GUID>1500301073</GUID>
      <Text>다채로운 타일</Text>
    </Text>
    <Text>
      <GUID>1500300040</GUID>
      <Text>리큐어</Text>
    </Text>
    <Text>
      <GUID>1500300060</GUID>
      <Text>샌드위치</Text>
    </Text>
    <Text>
      <GUID>1500300020</GUID>
      <Text>훈제 생선</Text>
    </Text>
    <Text>
      <GUID>1500010150</GUID>
      <Text>나무 주얼리</Text>
    </Text>
  </ModOp>
</ModOps>