<ModOps>
  <ModOp Type="add" Path="/TextExport/Texts">
    <Text>
      <GUID>1404420032</GUID>
      <Text>Pommes</Text>
    </Text>
    <Text>
      <GUID>1500301073</GUID>
      <Text>Carreaux colorés</Text>
    </Text>
    <Text>
      <GUID>1500300040</GUID>
      <Text>Liqueur</Text>
    </Text>
    <Text>
      <GUID>1500300060</GUID>
      <Text>Sandwichs</Text>
    </Text>
    <Text>
      <GUID>1500300020</GUID>
      <Text>Poisson fumé</Text>
    </Text>
    <Text>
      <GUID>1500010150</GUID>
      <Text>Bijoux en bois</Text>
    </Text>
  </ModOp>
</ModOps>