<ModOps>
  <ModOp Type="add" Path="/TextExport/Texts">
    <Text>
      <GUID>1404420032</GUID>
      <Text>Manzanas</Text>
    </Text>
    <Text>
      <GUID>1500301073</GUID>
      <Text>Azulejos de colores</Text>
    </Text>
    <Text>
      <GUID>1500300040</GUID>
      <Text>Licor</Text>
    </Text>
    <Text>
      <GUID>1500300060</GUID>
      <Text>Bocadillos</Text>
    </Text>
    <Text>
      <GUID>1500300020</GUID>
      <Text>Pescado ahumado</Text>
    </Text>
    <Text>
      <GUID>1500010150</GUID>
      <Text>Joyas de madera</Text>
    </Text>
  </ModOp>
</ModOps>