{
  "Version": "1.4",
  "ModID": "shared_products_kurila",
  "Category": {
    "English": "Shared",
    "Chinese": "Shared",
    "French": "Shared",
    "German": "Shared",
    "Italian": "Shared",
    "Japanese": "Shared",
    "Korean": "Shared",
    "Polish": "Shared",
    "Russian": "Shared",
    "Spanish": "Shared",
    "Taiwanese": "Shared"
  },
  "ModName": {
    "English": "Products (Kurila)",
    "Chinese": "Products (Kurila)",
    "French": "Products (Kurila)",
    "German": "Products (Kurila)",
    "Italian": "Products (Kurila)",
    "Japanese": "Products (Kurila)",
    "Korean": "Products (Kurila)",
    "Polish": "Products (Kurila)",
    "Russian": "Products (Kurila)",
    "Spanish": "Products (Kurila)",
    "Taiwanese": "Products (Kurila)"
  },
  "CreatorName": "Kurila",
  "CreatorContact": "https://discord.gg/YTQGDFK",
  "Description": {
    "English": "file::README.md",
    "German": "file::README.md",
    "Chinese": "file::README.md",
    "French": "file::README.md",
    "Italian": "file::README.md",
    "Japanese": "file::README.md",
    "Korean": "file::README.md",
    "Polish": "file::README.md",
    "Russian": "file::README.md",
    "Spanish": "file::README.md",
    "Taiwanese": "file::README.md"
  }
}