<ModOps>
  <!-- # Product: Coloured Tiles -->
  <ModOp GUID="1010205" Type="addNextSibling">
    <Asset>
      <Template>Product</Template>
      <Values>
        <Standard>
          <GUID>1500301073</GUID>
          <Name>Coloured Tiles</Name>
          <IconFilename>data/products/coloured-tiles/icon_tiles.png</IconFilename>
        </Standard>
        <Locked />
        <Product>
          <StorageLevel>Building</StorageLevel>
          <ProductCategory>11707</ProductCategory>
          <BasePrice>25</BasePrice>
          <CivLevel>2</CivLevel>
          <AssociatedRegion>Colony01</AssociatedRegion>
          <ProductionRegions>
            <Item>
              <RegionType>Colony01</RegionType>
            </Item>
          </ProductionRegions>
        </Product>
        <ExpeditionAttribute>
          <BaseMorale>0</BaseMorale>
        </ExpeditionAttribute>
      </Values>
    </Asset>
  </ModOp>

  <!-- # Lists: After Bricks -->
  <Group>
    <ModOp Type="addNextSibling" GUID="120055"
      Condition="!~/Values/ProductStorageList/ProductList/Item[Product='1500301073']"
      Path="/Values/ProductStorageList/ProductList/Item[Product='1010205']">
      <Item>
        <Product>1500301073</Product>
      </Item>
    </ModOp>

    <ModOp Type="addNextSibling" GUID="501957,502221,502168,502023,502009"
      Condition="!~/Values/ProductList/List/Item[Product='1500301073']"
      Path="/Values/ProductList/List/Item[Product='1010205']">
      <Item>
        <Product>1500301073</Product>
      </Item>
    </ModOp>
  </Group>

  <!-- # Expedition -->
  <ModOp Type="add" GUID="800111"
    Condition="!~/ExpeditionFeature/FeedOption/FeedOptions[Item/Product='1500301073']"
    Path="/Values/ExpeditionFeature/FeedOption/FeedOptions">
    <Item>
      <MoraleFactor>0.5</MoraleFactor>
      <Product>1500301073</Product>
    </Item>
  </ModOp>


  <!-- # Docklands: Kitea -->
  <Group Condition="!//TradeLevels/Item/Trades[Item/Good='1500301073']">
    <ModOp Type="addNextSibling" GUID="1010205"
      Condition="!//FactoryBase[FactoryOutputs/Item/Product='1500301073']/IsMainFactory[text()='1']">
      <Asset>
        <Template>FactoryBuilding7</Template>
        <Values>
          <Standard>
            <GUID>1500301144</GUID>
            <Name>IsMainFactory_Fake: Coloured Tiles</Name>
          </Standard>
          <Building>
            <AssociatedRegions>Moderate</AssociatedRegions>
            <SecondPartyRelevant>0</SecondPartyRelevant>
          </Building>
          <Object>
            <Variations>
              <Item>
                <Filename>data/graphics/buildings/production/factory_04/factory_04.cfg</Filename>
              </Item>
            </Variations>
          </Object>
          <Locked />
          <FactoryBase>
            <FactoryInputs>
              <Item>
                <Product>1010201</Product>
                <Amount>1</Amount>
                <StorageAmount>4</StorageAmount>
              </Item>
              <Item>
                <Product>5398</Product>
                <Amount>1</Amount>
                <StorageAmount>4</StorageAmount>
              </Item>
            </FactoryInputs>
            <FactoryOutputs>
              <Item>
                <Product></Product>
                <Amount>1</Amount>
                <StorageAmount>4</StorageAmount>
              </Item>
            </FactoryOutputs>
            <CycleTime>60</CycleTime>
            <IsMainFactory>1</IsMainFactory>
          </FactoryBase>
          <Maintenance>
            <Maintenances>
              <Item>
                <Product>1010367</Product>
                <Amount>50</Amount>
              </Item>
            </Maintenances>
          </Maintenance>
        </Values>
      </Asset>
    </ModOp>

    <ModOp Type="add" GUID="131764"
      Path="/Values/TradeContractFeature/Traders/Item[TraderName='131811']/TradeLevels/Item/Trades/Item[Good='114404']">
      <Item>
        <Level>Uncommon</Level>
        <Good>1500301073</Good>
      </Item>
    </ModOp>

    <ModOp Type="add" GUID="502238" Path="/Values/ProductList/List">
      <Item>
        <Product>1500301073</Product>
      </Item>
    </ModOp>
  </Group>
</ModOps>
